{
    "zh": {
        "title": "✨ Prompt 管理系统",
        "subtitle": "优雅地管理和生成 AI 提示词",
        "library": "📚 提示词库",
        "search_placeholder": "🔍 搜索提示词...",
        "type_filter": "类型筛选",
        "fuzzy": "模糊",
        "exact": "精确",
        "add_title": "新增提示词",
        "edit_title": "编辑提示词",
        "name_placeholder": "名称",
        "note_placeholder": "备注（可选）",
        "text_placeholder": "输入提示词文本...",
        "add_btn": "✚ 添加",
        "confirm_edit_btn": "✓ 确认编辑",
        "edit_btn": "✏️ 编辑选中",
        "delete_btn": "🗑️ 删除选中",
        "cancel_edit_btn": "✕ 取消编辑",
        "alert_select": "请先选中一条提示词",
        "alert_required": "名称和提示词必填",
        "confirm_delete": "确认要删除提示词",
        "generator": "🎨 生成器",
        "positive": "✅ 正向提示词",
        "negative": "❌ 负向提示词",
        "positive_placeholder": "正向提示词将显示在这里...",
        "negative_placeholder": "负向提示词将显示在这里...",
        "add_positive": "➕ 加入正向 (P)",
        "add_negative": "➖ 加入负向 (N)",
        "add_auto": "➕ 加入",
        "llm_generator_btn": "🤖 LLM生成",
        "prompt_reader_btn": "🖼️ Lora示例查看",
        "download_lora_btn": "📥 下载Lora示例",
        "llm_title": "🤖 LLM 大模型提示词生成器",
        "llm_input_label": "需求输入（自然语言）:",
        "llm_output_label": "生成的提示词模板:",
        "llm_input_placeholder": "例如：一个穿着红色连衣裙的女性，微笑，在花园里，阳光照耀，柔和光线...",
        "llm_generate_btn": "⚡ 生成",
        "llm_copy_btn": "📋 复制",
        "llm_copy_success": "✓ 已复制",
        "llm_no_input": "请输入需求说明",
        "llm_no_content": "没有内容可复制，请先点击生成",
        "llm_copy_failed": "复制失败，请手动复制",
        "llm_task_title": "【任务说明】",
        "llm_task_desc": "你是一个 Stable Diffusion 提示词生成专家。请根据以下规则生成高质量的 AI 绘画提示词：",
        "llm_rules_title": "生成规则：",
        "llm_rule_1": "1. 使用简短的英文短语，避免冗长句子",
        "llm_rule_2": "2. 用逗号分隔多个元素",
        "llm_rule_3": "3. 按以下顺序组织提示词：质量 > 人物/物体 > 着装 > 动作 > 环境 > 画风 > 其他细节",
        "llm_rule_4": "4. 优先使用质量相关的词汇（如 \"masterpiece\", \"best quality\", \"highly detailed\"）",
        "llm_rule_5": "5. 为每个重要特征提供多个同义词选项",
        "llm_rule_6": "6. 避免使用中文，全部使用英文",
        "llm_rule_7": "7. 正向提示词应该说明想要的内容",
        "llm_rule_8": "8. 负向提示词应该列举要避免的内容",
        "llm_format_title": "【输出格式】",
        "llm_format_desc": "请以以下格式输出：",
        "llm_positive_label": "正向提示词：",
        "llm_negative_label": "负向提示词：",
        "llm_available_title": "【可用的提示词模板（可选使用）】",
        "llm_demand_title": "【用户需求】",
        "search_mode_label": "搜索模式：",
        "no_filter": "无筛选",
        "direction_label": "方向：",
        "direction_none": "无",
        "direction_positive": "正向",
        "direction_negative": "反向",
        "type_label": "类型：",
        "quality": "质量",
        "style": "风格",
        "texture": "质感",
        "environment": "环境",
        "action": "动作",
        "expression": "表情",
        "clothing": "着装",
        "composition": "构图",
        "other": "其它",
        "detail_toggle": "显示细节",
        "deselect_btn": "✕ 取消选择",
        "clear_generator_btn": "🗑️ 全部清空",
        "light_mode": "☀️ 白天",
        "dark_mode": "🌙 黑夜",
        "usage_video_btn": "📹 使用方法",
        "usage_video_title": "📹 使用方法教程",
        "prompt_library_tab": "📚 提示词库",
        "lora_library_tab": "🎨 Lora库",
        "lora_refresh_btn": "🌐 CivitAI更新",
        "lora_refresh_success": "Lora库已从CivitAI更新成功",
        "lora_refresh_failed": "Lora库更新失败",
        "lora_refresh_error": "更新过程中出错，请检查浏览器控制台获取详细信息",
        "lora_category_all": "全部",
        "lora_category_label": "类别：",
        "lora_detail_toggle": "显示细节",
        "llm_generator_info": "💡 说明：生成器部分的提示词和选中的 Lora 都会被加入到 LLM 的提示词中，确保生成的内容与当前选择保持一致。",
        "llm_usage_title": "📝 使用说明：",
        "llm_usage_step_1": "将上面生成的提示词模板复制",
        "llm_usage_step_2": "放入任何一个 LLM 大模型（如 ChatGPT、Claude、deepseek等）",
        "llm_usage_step_3": "大模型会根据你的需求生成优化后的 Stable Diffusion 提示词",
        "reference_tab": "💡 提示词参考",
        "search_reference_placeholder": "🔍 搜索提示词参考...",
        "reference_category_all": "全部",
        "reference_category_label": "类别：",
        "download_examples_btn": "📥 下载示例图",
        "download_cancelled": "下载已取消",
        "download_error": "下载过程中出错",
        "copy_prompt": "复制提示词",
        "downloading": "下载中",
        "scanning": "扫描中",
        "success": "成功",
        "failed": "失败",
        "skipped": "跳过",
        "trigger_words_label": "触发词: ",
        "load_failed": "加载失败",
        "direction_item_label": "方向: ",
        "type_item_label": "类型: ",
        "reference_deselect_btn": "✕ 取消选择"
    },
    "en": {
        "title": "✨ Prompt Manager",
        "subtitle": "Elegant AI prompt management and generation",
        "library": "📚 Prompt Library",
        "search_placeholder": "🔍 Search prompts...",
        "type_filter": "Type Filter",
        "fuzzy": "Fuzzy",
        "exact": "Exact",
        "add_title": "Add New Prompt",
        "edit_title": "Edit Prompt",
        "name_placeholder": "Name",
        "note_placeholder": "Note (Optional)",
        "text_placeholder": "Enter prompt text...",
        "add_btn": "✚ Add",
        "confirm_edit_btn": "✓ Confirm Edit",
        "edit_btn": "✏️ Edit Selected",
        "delete_btn": "🗑️ Delete Selected",
        "cancel_edit_btn": "✕ Cancel Edit",
        "alert_select": "Please select a prompt",
        "alert_required": "Name and prompt text are required",
        "confirm_delete": "Confirm to delete prompt",
        "generator": "🎨 Generator",
        "positive": "✅ Positive Prompts",
        "negative": "❌ Negative Prompts",
        "positive_placeholder": "Positive prompts will appear here...",
        "negative_placeholder": "Negative prompts will appear here...",
        "add_positive": "➕ Add Positive (P)",
        "add_negative": "➖ Add Negative (N)",
        "add_auto": "➕ Add",
        "llm_generator_btn": "🤖 LLM Generator",
        "prompt_reader_btn": "🖼️ Lora Viewer",
        "download_lora_btn": "📥 Download Lora Examples",
        "llm_title": "🤖 LLM Prompt Generator",
        "llm_input_label": "Input Your Demand (Natural Language):",
        "llm_output_label": "Generated Prompt Template:",
        "llm_input_placeholder": "Example: A smiling woman in a red dress in a garden with warm sunlight and soft lighting...",
        "llm_generate_btn": "⚡ Generate",
        "llm_copy_btn": "📋 Copy",
        "llm_copy_success": "✓ Copied",
        "llm_no_input": "Please enter your demand",
        "llm_no_content": "No content to copy. Please click Generate first",
        "llm_copy_failed": "Copy failed. Please copy manually",
        "llm_task_title": "【Task Description】",
        "llm_task_desc": "You are a Stable Diffusion prompt generation expert. Please generate high-quality AI art prompts according to the following rules:",
        "llm_rules_title": "Generation Rules:",
        "llm_rule_1": "1. Use short English phrases, avoid long sentences",
        "llm_rule_2": "2. Separate multiple elements with commas",
        "llm_rule_3": "3. Organize prompts in order: Quality > Character/Object > Clothing > Action > Environment > Art Style > Other Details",
        "llm_rule_4": "4. Prioritize quality-related vocabulary (e.g., \"masterpiece\", \"best quality\", \"highly detailed\")",
        "llm_rule_5": "5. Provide multiple synonyms for each important feature",
        "llm_rule_6": "6. Avoid Chinese text, use English only",
        "llm_rule_7": "7. Positive prompts should describe what you want",
        "llm_rule_8": "8. Negative prompts should list what to avoid",
        "llm_format_title": "【Output Format】",
        "llm_format_desc": "Please output in the following format:",
        "llm_positive_label": "Positive Prompt:",
        "llm_negative_label": "Negative Prompt:",
        "llm_available_title": "【Available Prompt Templates (Optional)】",
        "llm_demand_title": "【User Demand】",
        "search_mode_label": "Search Mode:",
        "no_filter": "No Filter",
        "direction_label": "Direction:",
        "direction_none": "None",
        "direction_positive": "Positive",
        "direction_negative": "Negative",
        "type_label": "Type:",
        "quality": "Quality",
        "style": "Style",
        "texture": "Texture",
        "environment": "Environment",
        "action": "Action",
        "expression": "Expression",
        "clothing": "Clothing",
        "composition": "Composition",
        "other": "Other",
        "detail_toggle": "Show Details",
        "deselect_btn": "✕ Deselect",
        "clear_generator_btn": "🗑️ Clear All",
        "light_mode": "☀️ Light",
        "dark_mode": "🌙 Dark",
        "usage_video_btn": "📹 Usage Video",
        "usage_video_title": "📹 Usage Video Tutorial",
        "prompt_library_tab": "📚 Prompt Library",
        "lora_library_tab": "🎨 Lora Library",
        "lora_refresh_btn": "🌐 CivitAI Update",
        "lora_refresh_success": "Lora library updated from CivitAI successfully",
        "lora_refresh_failed": "Failed to update Lora library",
        "lora_refresh_error": "An error occurred during update. Check browser console for details",
        "lora_category_all": "All",
        "lora_category_label": "Category:",
        "lora_detail_toggle": "Show Details",
        "llm_generator_info": "💡 Note: Prompts and selected Loras from the Generator section will be included in the LLM prompt to ensure the generated content is consistent with your current selections.",
        "llm_usage_title": "📝 How to Use:",
        "llm_usage_step_1": "Copy the generated prompt template above",
        "llm_usage_step_2": "Paste it into any LLM model (ChatGPT, Claude, deepseek etc.)",
        "llm_usage_step_3": "The LLM will generate optimized Stable Diffusion prompts based on your requirements",
        "reference_tab": "💡 Prompt Reference",
        "search_reference_placeholder": "🔍 Search reference prompts...",
        "reference_category_all": "All",
        "reference_category_label": "Category:",
        "download_examples_btn": "📥 Download Examples",
        "download_cancelled": "Download cancelled",
        "download_error": "An error occurred during download",
        "copy_prompt": "Copy Prompt",
        "downloading": "Downloading",
        "scanning": "Scanning",
        "success": "Success",
        "failed": "Failed",
        "skipped": "Skipped",
        "trigger_words_label": "Trigger Words: ",
        "load_failed": "Load Failed",
        "direction_item_label": "Direction: ",
        "type_item_label": "Type: ",
        "reference_deselect_btn": "✕ Deselect"
    }
}