[{"name": "通用高质量 | General High Quality", "direction": "正向", "type": "质量", "text": "masterpiece, best quality, newest, absurdres, highres, very aesthetic, amazing quality", "note": "最常用的开头质量词组合，几乎每个优质提示词都包含 | Most common quality tag combination, included in almost every high-quality prompt"}, {"name": "极致细节 | Ultra Detailed", "direction": "正向", "type": "质量", "text": "ultra detailed, hyper detailed, highly detailed, highly-detailed, detailed face, detailed background, detailed eyes", "note": "增强画面细节表现，用于需要高细节的场景 | Enhance detail expression, used for scenes requiring high detail"}, {"name": "8K超清 | 8K Ultra HD", "direction": "正向", "type": "质量", "text": "8k, high resolution, HDR, UHD, 4K, incredibly absurdres", "note": "超高分辨率和质量设置 | Ultra-high resolution and quality settings"}, {"name": "低质量 | Low Quality", "direction": "反向", "type": "质量", "text": "low quality, worst quality, lowres, blurry, pixelated, jpeg artifacts, bad art", "note": "避免低画质、模糊等问题 | Avoid low quality, blur and other issues"}, {"name": "单人女性 | Solo Female", "direction": "正向", "type": "其它", "text": "1girl, solo", "note": "单人女性角色，最常用的主体标签 | Solo female character, most commonly used subject tag"}, {"name": "可爱风格 | Cute Style", "direction": "正向", "type": "风格", "text": "cute, kawaii, very aesthetic, beautiful face", "note": "可爱风格，常用于萌系角色 | Cute style, often used for moe characters"}, {"name": "半写实风格 | Semi-Realistic Style", "direction": "正向", "type": "风格", "text": "semi-realism, ma1ma1helmes_b_illu, realistic, semi-realistic", "note": "半写实风格，平衡动漫和写实感 | Semi-realistic style, balancing anime and realism"}, {"name": "动漫配色 | Anime Coloring", "direction": "正向", "type": "风格", "text": "anime coloring, vivid colors, deep colors, pastel colors, vibrant colors", "note": "动漫风格配色，色彩鲜艳 | Anime-style coloring with vibrant colors"}, {"name": "扁平风格 | Flat Style", "direction": "正向", "type": "风格", "text": "flat color, matte coloring, smooth shading, clean lineart", "note": "扁平化风格，干净的线条和色彩 | Flat style with clean lines and colors"}, {"name": "水墨风格 | Ink Painting Style", "direction": "正向", "type": "风格", "text": "ink painting, watercolor, brush strokes, watercolor medium, traditional media", "note": "水墨和水彩风格，传统艺术感 | Ink and watercolor style with traditional art feel"}, {"name": "电影感 | Cinematic Style", "direction": "正向", "type": "风格", "text": "cinematic, cinematic lighting, cinematic composition, epic composition", "note": "电影级构图和光影 | Cinematic-level composition and lighting"}, {"name": "微笑表情 | Smiling Expression", "direction": "正向", "type": "表情", "text": "smile, smiling, gentle smile, light smile, cute", "note": "温和的微笑，常见表情 | Gentle smile, common expression"}, {"name": "害羞脸红 | Blushing Face", "direction": "正向", "type": "表情", "text": "blush, blushing, embarrassed, shy, sad smile", "note": "害羞脸红的表情，带有羞涩感 | Shy blushing expression with embarrassment"}, {"name": "得意坏笑 | Smirking Expression", "direction": "正向", "type": "表情", "text": "smirk, evil smile, smiling maliciously, slight smirk", "note": "得意或邪恶的坏笑 | Proud or evil smirk"}, {"name": "张嘴表情 | Open Mouth", "direction": "正向", "type": "表情", "text": "open mouth, parted lips, open lips", "note": "张开嘴巴的表情 | Expression with mouth open"}, {"name": "闭嘴表情 | Closed Mouth", "direction": "正向", "type": "表情", "text": "closed mouth, closed lips", "note": "闭着嘴巴的表情 | Expression with mouth closed"}, {"name": "看向观众 | Looking at Viewer", "direction": "正向", "type": "表情", "text": "looking at viewer, look at viewer", "note": "角色直视观众 | Character looking directly at viewer"}, {"name": "看向别处 | Looking Away", "direction": "正向", "type": "表情", "text": "looking to the side, looking away, looking at another, looking down", "note": "角色看向别处，营造意境 | Character looking elsewhere, creating atmosphere"}, {"name": "长发 | Long Hair", "direction": "正向", "type": "着装", "text": "long hair", "note": "长发造型 | Long hair style"}, {"name": "黑发 | Black Hair", "direction": "正向", "type": "着装", "text": "black hair", "note": "黑色头发 | Black hair"}, {"name": "红眼 | Red Eyes", "direction": "正向", "type": "着装", "text": "red eyes", "note": "红色眼睛 | Red eyes"}, {"name": "蓝眼 | Blue Eyes", "direction": "正向", "type": "着装", "text": "blue eyes", "note": "蓝色眼睛 | Blue eyes"}, {"name": "棕眼 | Brown Eyes", "direction": "正向", "type": "着装", "text": "brown eyes", "note": "棕色眼睛 | Brown eyes"}, {"name": "尖耳朵 | Pointy Ears", "direction": "正向", "type": "着装", "text": "pointy ears", "note": "精灵般的尖耳朵 | Elven pointy ears"}, {"name": "大胸 | Large Breasts", "direction": "正向", "type": "着装", "text": "large breasts, big breasts", "note": "丰满的胸部 | Fuller bust"}, {"name": "中胸 | Medium Breasts", "direction": "正向", "type": "着装", "text": "medium breasts, medium breast", "note": "中等大小胸部 | Medium-sized bust"}, {"name": "小胸 | Small Breasts", "direction": "正向", "type": "着装", "text": "small breasts, small breast", "note": "较小的胸部 | Smaller bust"}, {"name": "光脚 | Barefoot", "direction": "正向", "type": "着装", "text": "barefoot", "note": "不穿鞋子 | Without shoes"}, {"name": "白毛衣 | White Sweater", "direction": "正向", "type": "着装", "text": "white sweater", "note": "白色毛衣 | White sweater"}, {"name": "黑裙子 | Black Skirt", "direction": "正向", "type": "着装", "text": "black skirt", "note": "黑色裙子 | Black skirt"}, {"name": "JK制服 | School Uniform", "direction": "正向", "type": "着装", "text": "school uniform, serafuku, sailor uniform, seifuku", "note": "日本女高中生制服 | Japanese high school girl uniform"}, {"name": "和服 | Kimono", "direction": "正向", "type": "着装", "text": "kimono, traditional clothes, japanese clothes", "note": "日本传统和服 | Traditional Japanese kimono"}, {"name": "透视景深 | Depth of Field", "direction": "正向", "type": "环境", "text": "depth of field", "note": "透视景深，突出主体 | Depth of field, highlighting subject"}, {"name": "简单背景 | Simple Background", "direction": "正向", "type": "环境", "text": "simple background", "note": "简单的背景，突出主体 | Simple background, highlighting subject"}, {"name": "白色背景 | White Background", "direction": "正向", "type": "环境", "text": "white background", "note": "纯白背景 | Pure white background"}, {"name": "体积光 | Volumetric Lighting", "direction": "正向", "type": "环境", "text": "volumetric lighting, soft lighting, cinematic lighting", "note": "体积光效，增强氛围感 | Volumetric lighting effect, enhancing atmosphere"}, {"name": "夜晚 | Night", "direction": "正向", "type": "环境", "text": "night, dark", "note": "夜晚场景 | Night scene"}, {"name": "发光 | Glowing", "direction": "正向", "type": "环境", "text": "glowing, light particles, ray tracing, ambient occlusion", "note": "发光效果和光粒子 | Glowing effect and light particles"}, {"name": "模糊背景 | Blurry Background", "direction": "正向", "type": "环境", "text": "blurry background, background blur, blurred periphery", "note": "模糊背景，突出前景 | Blurred background, highlighting foreground"}, {"name": "侧面视角 | Side View", "direction": "正向", "type": "构图", "text": "from side, side view", "note": "侧面视角 | Side perspective"}, {"name": "仰视视角 | Low Angle View", "direction": "正向", "type": "构图", "text": "from below, dutch angle", "note": "仰视或荷兰角视角 | Low angle or Dutch angle perspective"}, {"name": "俯视视角 | Top-down View", "direction": "正向", "type": "构图", "text": "from above", "note": "俯视视角 | Top-down perspective"}, {"name": "特写 | Close-up", "direction": "正向", "type": "构图", "text": "close up, close up portrait, portrait, close-up portrait", "note": "特写镜头 | Close-up shot"}, {"name": "牛仔镜头 | Cowboy Shot", "direction": "正向", "type": "构图", "text": "cowboy shot", "note": "牛仔镜头，腰部以上 | Cowboy shot, waist and above"}, {"name": "清晰焦点 | Sharp Focus", "direction": "正向", "type": "构图", "text": "sharp focus, sharp, crisp, clear", "note": "清晰的焦点 | Sharp focus"}, {"name": "动态角度 | Dynamic Angle", "direction": "正向", "type": "构图", "text": "dynamic angle, dynamic composition, dynamic pose", "note": "动态的角度和构图 | Dynamic angle and composition"}, {"name": "坐姿 | Sitting Pose", "direction": "正向", "type": "动作", "text": "sitting", "note": "坐着的姿势 | Sitting posture"}, {"name": "站姿 | Standing Pose", "direction": "正向", "type": "动作", "text": "standing", "note": "站立的姿势 | Standing posture"}, {"name": "躺姿 | Lying Pose", "direction": "正向", "type": "动作", "text": "laying, lying on stomach", "note": "躺着的姿势 | Lying posture"}, {"name": "跪姿 | Kneeling Pose", "direction": "正向", "type": "动作", "text": "kneeling on ground, kneeling on giant palm", "note": "跪着的姿势 | Kneeling posture"}, {"name": "蹲姿 | Squatting Pose", "direction": "正向", "type": "动作", "text": "squatting, crouching", "note": "蹲着的姿势 | Squatting posture"}, {"name": "边缘模糊 | Blurred Periphery", "direction": "正向", "type": "质感", "text": "blurred periphery, blurred foreground, soft edges", "note": "边缘模糊效果 | Blurred edges effect"}, {"name": "粗糙笔触 | Rough Brushstrokes", "direction": "正向", "type": "质感", "text": "bold and rough brushstrokes, textured brushstrokes, layeredtextures", "note": "粗糙的笔触质感 | Rough brushstroke texture"}, {"name": "评分9 | Score 9", "direction": "正向", "type": "其它", "text": "score_9, score_8_up, score_7_up", "note": "质量评分标签 | Quality score tag"}, {"name": "束缚 | Bondage", "direction": "正向", "type": "其它", "text": "bondage, restrained, bound, bdsm, bound arms, bound wrists", "note": "束缚相关主题 | Bondage-related themes"}, {"name": "光晕 | Lens Flare", "direction": "正向", "type": "环境", "text": "lens flare, bloom, bokeh", "note": "光晕和光斑效果 | Lens flare and bokeh effects"}, {"name": "逆光 | Backlighting", "direction": "正向", "type": "环境", "text": "backlighting, rim lighting", "note": "逆光效果 | Backlighting effect"}, {"name": "柔光 | Soft Lighting", "direction": "正向", "type": "环境", "text": "soft lighting, soft shadows, soft highlights", "note": "柔和的光影 | Soft lighting and shadows"}, {"name": "戏剧光 | Dramatic Lighting", "direction": "正向", "type": "环境", "text": "dramatic lighting, dramatic_angle", "note": "戏剧性光影 | Dramatic lighting"}]